{
  "type": "service_account",
  "project_id": "google-analytics-widget",
  "private_key_id": "xxxxxxxx",
  "private_key": "-----BEGIN PRIVATE KEY----------END PRIVATE KEY-----\n",
  "client_email": "example@exaple.iam.gserviceaccount.com",
  "client_id": "82as2dasd1asd0ad0a0d0asd",
  "auth_uri": "https://accounts.google.com/o/oauth2/auth",
  "token_uri": "https://oauth2.googleapis.com/token",
  "auth_provider_x509_cert_url": "https://www.googleapis.com/oauth2/v1/certs",
  "client_x509_cert_url": "https://www.googleapis.com/robot/v1/metadata/x509/example"
}
